AST Structure,Fitness Score,Total PnL,Avg Trade,Avg Win,Avg Loss,Largest Win,Largest Loss,Std Win,Std Loss,Max DD,PnL/DD,Max Cons Loss,Sharpe,Sortino,Profit Factor,CPC Index,Corr Coef,Exposure (%),Complexity,Direction,Stop Type,Take Profit,MAP-X,MAP-Y,Fitness Function,In-Sample Pct
"((((High * 5) / Open[-7]) < LinRegSlope((Low + Open), 50) AND LinRegSlope(Close, 100) > (Open / Close)) AND Low < Open)",27.7778,359.63,3.3299,48.2395,13.9430,144.4458,-66.9717,44.0186,11.7167,580.8280,0.6192,40,0.0886,0.2151,1.3307,1.2788,0.6904,0.2,3,Long,TrailingStop { calc: Atr { multiplier: 2.0 } },RiskReward { multiplier: 2.0 },MarketExposure,WinRate,ProfitFactor,0.70
"(((High * 5) / Open[-7]) < LinRegSlope((Low + Open), 50) AND LinRegSlope(Close, 100) > (Open / Close))",31.3043,442.64,3.8490,42.8436,13.9207,144.4458,-66.9717,42.4039,11.6440,580.8280,0.7621,41,0.1048,0.2559,1.4025,1.3512,0.7122,0.2,2,Long,TrailingStop { calc: Atr { multiplier: 2.0 } },RiskReward { multiplier: 2.0 },MarketExposure,WinRate,ProfitFactor,0.70
"((Close < (SMA(Open, 50) + (StdDev(Open, 50) * 2)) AND ((High * 5) / Open[-7]) < LinRegSlope((Low + Open), 50)) AND LinRegSlope(Close, 100) > (Open / Close))",32.3529,650.46,6.3771,44.1872,11.7060,144.4458,-36.5756,43.6460,7.2357,429.3200,1.5151,41,0.1745,0.5634,1.8053,2.2047,0.7251,0.1,3,Long,TrailingStop { calc: Atr { multiplier: 2.0 } },RiskReward { multiplier: 2.0 },MarketExposure,WinRate,ProfitFactor,0.70
"((((High / (EMA(High, 14) - EMA(High, 28))) > LinRegSlope(Open, 50) AND 1 > LinRegSlope(Open, 14)) AND LinRegSlope((High + High), 100) > 1) AND LinRegSlope(Open, 200) > (Open / Close))",39.8148,764.01,7.0742,31.6445,9.1801,144.4458,-19.4548,34.8208,5.2267,360.8786,2.1171,23,0.2360,0.8632,2.2804,3.1297,0.6373,0.2,4,Long,TrailingStop { calc: Atr { multiplier: 2.0 } },RiskReward { multiplier: 2.0 },MarketExposure,WinRate,ProfitFactor,0.70
"(((EMA(Close, 21) / High) crosses above 1 AND LinRegSlope(Low, 7) < ((High + Close) / ((High - Min(High, 50)) / (Max(High, 50) - Min(High, 50))))) AND Close > (Open + StdDev(Close, 14)))",43.1373,264.40,2.5922,9.6025,2.7260,105.3583,-11.0969,16.3247,2.7151,26.9888,9.7966,8,0.2073,0.8934,2.6723,4.0606,0.9622,0.1,3,Long,TrailingStop { calc: Atr { multiplier: 2.0 } },RiskReward { multiplier: 2.0 },MarketExposure,WinRate,ProfitFactor,0.70
"((EMA(Close, 21) / High) crosses above 1 AND Close > (Open + StdDev(Close, 14)))",47.5000,369.19,3.0766,9.5073,2.7416,105.3583,-11.0969,14.8669,2.6709,29.9546,12.3251,5,0.2545,1.1094,3.1375,5.1680,0.9799,0.2,2,Long,TrailingStop { calc: Atr { multiplier: 2.0 } },RiskReward { multiplier: 2.0 },MarketExposure,WinRate,ProfitFactor,0.70
"(((Close > (Open + (High - Close)) AND Open crosses above (SMA(High, 200) + (StdDev(High, 200) * 2))) AND LinRegSlope((Close * 1.5), 200) < LinRegSlope((Close + Open), 200)) AND LinRegSlope((Low - High), 7) < 1)",51.3966,702.78,3.9261,10.2529,2.7643,114.0202,-12.0118,14.1674,2.4607,38.4876,18.2598,8,0.3223,1.5217,3.9223,7.4772,0.9709,0.3,4,Long,TrailingStop { calc: Atr { multiplier: 2.0 } },RiskReward { multiplier: 2.0 },MarketExposure,WinRate,ProfitFactor,0.70
"(((((Close - Open) / (High - Low)) > (High / (Open + Close)) AND 1 crosses below LinRegSlope(Close, 14)) AND (Close / (SMA(Open, 21) + (StdDev(Open, 21) * 2))) < 1) AND Close < High)",53.3981,794.10,7.7097,17.7763,3.8248,62.7299,-12.4126,15.4535,3.2037,33.0560,24.0230,7,0.4892,2.2636,5.3254,13.2161,0.9811,0.1,4,Long,TrailingStop { calc: Atr { multiplier: 2.0 } },RiskReward { multiplier: 2.0 },MarketExposure,WinRate,ProfitFactor,0.70
"((LinRegSlope(Low, 50) < 1 AND Close crosses above (SMA(Low, 21) + (StdDev(Low, 21) * 2))) AND (SMA(Close, 21) - (Open - High)) crosses above Close)",59.5238,731.68,5.8070,11.1553,2.0581,189.3952,-11.3015,24.6533,2.2210,21.6946,33.7264,5,0.2883,3.0143,7.9707,25.7152,0.8684,0.2,3,Long,TrailingStop { calc: Atr { multiplier: 2.0 } },RiskReward { multiplier: 2.0 },MarketExposure,WinRate,ProfitFactor,0.70
"((EMA(Open, 100) < Close AND Close crosses above (SMA(Low, 21) + (StdDev(Low, 21) * 2))) AND (SMA(Close, 21) - (Open - High)) crosses above Close)",61.1650,753.15,7.3121,13.5342,2.4876,189.3952,-11.3015,27.1157,2.6987,17.9923,41.8597,4,0.3227,3.1969,8.5690,28.5156,0.8841,0.1,3,Long,TrailingStop { calc: Atr { multiplier: 2.0 } },RiskReward { multiplier: 2.0 },MarketExposure,WinRate,ProfitFactor,0.70
"(((1 > (Close / High) AND ((Close - Open) / (High - Low)) > (High / (Open + Close))) AND Open crosses below (Close - StdDev(Close, 7))) AND LinRegSlope(Close, 14) crosses above (Low / Min(High, 7)))",66.0377,1117.10,10.5386,17.2747,2.5592,189.3952,-8.7344,26.0689,1.9608,11.1609,100.0905,2,0.4542,5.6091,13.1251,58.5063,0.9654,0.2,4,Long,TrailingStop { calc: Atr { multiplier: 2.0 } },RiskReward { multiplier: 2.0 },MarketExposure,WinRate,ProfitFactor,0.70
"(((((EMA(Close, 200) - EMA(Close, 400)) < (Close - High) AND LinRegSlope(High, 14) < 1) AND Low < SMA(Open, 14)) AND (StdDev(Close, 100) + (Open + High)) crosses below ((Close + High) + (EMA(Open, 21) - EMA(Open, 42)))) AND LinRegSlope((Close - High), 100) > LinRegSlope(Low, 200))",70.7547,824.67,7.7799,11.7437,1.8101,52.9748,-6.2545,11.8591,1.9042,9.2707,88.9538,3,0.6609,5.4757,15.6963,72.0524,0.9936,0.2,5,Long,TrailingStop { calc: Atr { multiplier: 2.0 } },RiskReward { multiplier: 2.0 },MarketExposure,WinRate,ProfitFactor,0.70
"(((((EMA(Close, 200) - EMA(Close, 400)) < (Close - High) AND LinRegSlope(High, 14) < 1) AND Close crosses above Open) AND Low < SMA(Open, 14)) AND (StdDev(Close, 100) + (Open + High)) crosses below ((Close + High) + (EMA(Open, 21) - EMA(Open, 42))))",75.5725,1074.86,8.2051,11.3999,1.6789,52.9748,-6.2545,11.7926,1.7507,9.2707,115.9417,3,0.6999,6.8441,21.0063,107.7897,0.9925,0.2,5,Long,TrailingStop { calc: Atr { multiplier: 2.0 } },RiskReward { multiplier: 2.0 },MarketExposure,WinRate,ProfitFactor,0.70
"(((((EMA(Close, 200) - EMA(Close, 400)) < (Close - High) AND LinRegSlope(High, 14) < 1) AND Close crosses above Open) AND LinRegSlope(Open, 100) > LinRegSlope(Open, 7)) AND (StdDev(Close, 100) + (Open + High)) crosses below ((Close + High) + (EMA(Open, 21) - EMA(Open, 42))))",79.1667,1041.43,8.6786,11.4321,1.7846,52.9748,-5.6024,11.8165,1.7089,7.5209,138.4722,3,0.7336,7.6953,24.3428,123.4529,0.9912,0.2,5,Long,TrailingStop { calc: Atr { multiplier: 2.0 } },RiskReward { multiplier: 2.0 },MarketExposure,WinRate,ProfitFactor,0.70
"((((LinRegSlope((Open * 4.4), 50) < LinRegSlope(High, 50) AND ((Open + Open) + Close) > ((Close + Open) + Low)) AND (StdDev(Close, 100) + (Open + High)) crosses below ((Close + High) + (EMA(Open, 21) - EMA(Open, 42)))) AND ((Close + High) - Open) crosses above High) AND LinRegSlope((Close + Open), 21) < 1)",82.5243,901.86,8.7559,10.9100,1.4159,189.3952,-4.1354,21.5073,1.1753,4.1354,218.0833,3,0.4357,11.3821,36.3855,231.3622,0.9786,0.1,5,Long,TrailingStop { calc: Atr { multiplier: 2.0 } },RiskReward { multiplier: 2.0 },MarketExposure,WinRate,ProfitFactor,0.70
"(((LinRegSlope((Open * 3.5), 50) < LinRegSlope(Close, 100) AND ((Open * 1.7) + (EMA(Open, 200) - EMA(Open, 400))) > High) AND (StdDev(Close, 100) + (Open + High)) crosses below ((Close + High) + (EMA(Open, 21) - EMA(Open, 42)))) AND LinRegSlope((Low + Close), 7) > 1)",87.7358,1084.31,10.2293,11.8918,1.6639,189.3952,-5.2017,22.0926,1.3974,5.2017,208.4518,2,0.4832,13.4429,51.1273,320.5848,0.9455,0.2,4,Long,TrailingStop { calc: Atr { multiplier: 2.0 } },RiskReward { multiplier: 2.0 },MarketExposure,WinRate,ProfitFactor,0.70
"(((LinRegSlope((Open * 4.4), 50) < LinRegSlope(High, 50) AND 1 > (Open / EMA(Close, 50))) AND (StdDev(Close, 100) + (Open + High)) crosses below ((Close + High) + (EMA(Open, 21) - EMA(Open, 42)))) AND ((Close + High) - Open) crosses above High)",88.9908,827.64,7.5930,8.7331,1.6221,47.9328,-4.1354,9.1787,1.2244,4.1354,200.1359,2,0.8205,11.2599,43.5178,208.4914,0.9967,0.2,4,Long,TrailingStop { calc: Atr { multiplier: 2.0 } },RiskReward { multiplier: 2.0 },MarketExposure,WinRate,ProfitFactor,0.70
"((((LinRegSlope(Open, 14) < LinRegSlope((Open - Low), 7) AND Close > (Open - ((Close - Min(Close, 100)) / (Max(Close, 100) - Min(Close, 100))))) AND (((Open - Min(Open, 7)) / (Max(Open, 7) - Min(Open, 7))) / Open) < LinRegSlope(Close, 100)) AND 1 > (High / SMA(High, 14))) AND (Close + (EMA(Close, 14) - EMA(Close, 28))) < Open)",35.5085,1022.33,0.3549,6.6331,3.1019,88.7563,-64.2310,10.6937,3.7356,701.5434,1.4573,34,0.0420,0.0910,1.1774,0.8940,0.5025,4.1,5,Long,TrailingStop { calc: Atr { multiplier: 2.0 } },RiskReward { multiplier: 2.0 },MarketExposure,WinRate,ProfitFactor,0.70
"((((Close > (Open - ((Close - Min(Close, 100)) / (Max(Close, 100) - Min(Close, 100)))) AND 0 > LinRegSlope((Low - Open), 7)) AND Close < (SMA(Low, 14) + (StdDev(Low, 14) * 2))) AND 1 > LinRegSlope((High * 3.8), 200)) AND (Close + (EMA(Close, 14) - EMA(Close, 28))) < Open)",38.8284,2271.47,0.6687,7.4906,3.6615,128.7629,-36.8789,10.7882,3.8733,318.2308,7.1378,18,0.0730,0.1604,1.2985,1.0315,0.8882,4.9,5,Long,TrailingStop { calc: Atr { multiplier: 2.0 } },RiskReward { multiplier: 2.0 },MarketExposure,WinRate,ProfitFactor,0.70
"(((Close > (Open - ((Close - Min(Close, 100)) / (Max(Close, 100) - Min(Close, 100)))) AND 1 < LinRegSlope((Low * 3.8), 100)) AND ((High * 4.8) / (Low - Open)) < LinRegSlope((Low + Low), 200)) AND LinRegSlope((Open + Open), 21) < 1)",43.9397,7844.13,1.4605,8.0227,3.6830,204.7724,-64.2310,12.9823,3.8526,510.9379,15.3524,60,0.1355,0.3660,1.7074,1.6342,0.9419,7.7,4,Long,TrailingStop { calc: Atr { multiplier: 2.0 } },RiskReward { multiplier: 2.0 },MarketExposure,WinRate,ProfitFactor,0.70
"((((Open * 4) / (EMA(Close, 14) - EMA(Close, 28))) < 1 AND (Open - Low) < ((Close - Min(Close, 100)) / (Max(Close, 100) - Min(Close, 100)))) AND Close < High)",47.0049,8023.95,1.5021,6.0737,2.5529,105.3583,-58.8082,7.8546,2.7326,127.4493,62.9580,26,0.2093,0.5518,2.1102,2.3599,0.9871,7.6,3,Long,TrailingStop { calc: Atr { multiplier: 2.0 } },RiskReward { multiplier: 2.0 },MarketExposure,WinRate,ProfitFactor,0.70
"(LinRegSlope((High - Low), 7) crosses above LinRegSlope(Close, 100) AND ((Open - Low) * 0.3) < ((High - Min(High, 100)) / (Max(High, 100) - Min(High, 100))))",51.6502,5861.56,1.9944,6.3365,2.6441,189.3952,-24.7827,9.7440,2.4133,71.4322,82.0577,17,0.2350,0.8012,2.5600,3.1687,0.9762,4.2,2,Long,TrailingStop { calc: Atr { multiplier: 2.0 } },RiskReward { multiplier: 2.0 },MarketExposure,WinRate,ProfitFactor,0.70
"((((Close - High) + Open) > Low AND ((Close - Open) / (High - Low)) > (High / (Open + Close))) AND Open crosses below Close)",55.7282,11162.60,3.0964,7.8636,2.9044,144.4458,-37.7717,10.6904,2.9777,112.2847,99.4133,10,0.3157,1.1188,3.4081,5.1423,0.9854,5.1,3,Long,TrailingStop { calc: Atr { multiplier: 2.0 } },RiskReward { multiplier: 2.0 },MarketExposure,WinRate,ProfitFactor,0.70
"((LinRegSlope((High + Open), 200) > ((EMA(Low, 21) - EMA(Low, 42)) / SMA(Open, 7)) AND ((High - Close) / Close) > LinRegSlope((Low - High), 7)) AND ((Close - Open) / (High - Low)) > (High / (Open + Close)))",59.8590,15441.65,3.1101,6.7657,2.3413,204.7724,-27.3524,10.9392,2.5525,99.4951,155.2002,14,0.3205,1.4172,4.3093,7.4542,0.9831,7.1,3,Long,TrailingStop { calc: Atr { multiplier: 2.0 } },RiskReward { multiplier: 2.0 },MarketExposure,WinRate,ProfitFactor,0.70
"((LinRegSlope((Open + Close), 14) < ((Low - High) / Low) AND Close > (Open + StdDev(Close, 14))) AND ((EMA(Close, 50) - EMA(Close, 100)) + High) > Open)",63.7285,11688.48,3.9475,7.5659,2.4100,204.7724,-27.9452,12.2674,2.5936,52.7774,221.4675,8,0.3583,1.8513,5.5159,11.0356,0.9814,4.2,3,Long,TrailingStop { calc: Atr { multiplier: 2.0 } },RiskReward { multiplier: 2.0 },MarketExposure,WinRate,ProfitFactor,0.70
"(Close > (Open - ((Close - Min(Close, 100)) / (Max(Close, 100) - Min(Close, 100)))) AND (Open + StdDev(Low, 21)) < Close)",67.1157,21060.61,4.2990,7.4928,2.2195,204.7724,-37.0825,11.1233,2.6508,64.0863,328.6286,9,0.4172,2.1684,6.8901,15.6115,0.9809,7.0,2,Long,TrailingStop { calc: Atr { multiplier: 2.0 } },RiskReward { multiplier: 2.0 },MarketExposure,WinRate,ProfitFactor,0.70
"(((High - Open) crosses below (Open - Low) AND Close > (Open - ((Close - Min(Close, 100)) / (Max(Close, 100) - Min(Close, 100))))) AND 1 > LinRegSlope(Open, 14))",35.7801,-817.82,-0.1423,5.4096,3.2354,108.9458,-65.9082,7.9230,3.3154,1354.4596,-0.6038,23,-0.0208,-0.0383,0.9315,0.5573,-0.8831,8.2,3,Long,TrailingStop { calc: Atr { multiplier: 2.0 } },RiskReward { multiplier: 2.0 },MarketExposure,WinRate,ProfitFactor,0.70
"(((LinRegSlope((Open * 4.9), 200) < ((Low + Low) / (High * 1.7)) AND ((Open - Low) * 0.3) < ((High - Min(High, 100)) / (Max(High, 100) - Min(High, 100)))) AND (Low / Open) < 1) AND High < SMA(Close, 50))",39.3682,3355.46,0.5824,5.6388,2.7006,50.9484,-27.2085,7.1880,2.3799,424.7926,7.8991,40,0.0917,0.2078,1.3557,1.1144,0.9655,8.2,4,Long,TrailingStop { calc: Atr { multiplier: 2.0 } },RiskReward { multiplier: 2.0 },MarketExposure,WinRate,ProfitFactor,0.70
"(((Close > (Open - ((Close - Min(Close, 100)) / (Max(Close, 100) - Min(Close, 100)))) AND 1 < LinRegSlope((Low * 3.8), 100)) AND ((High * 4.8) / (Low - Open)) < LinRegSlope((Low + Low), 200)) AND LinRegSlope(High, 14) < (Open / Low))",43.9088,9494.26,1.4531,8.1571,3.7949,204.7724,-64.2310,12.5426,3.7216,678.3768,13.9956,60,0.1373,0.3650,1.6826,1.5881,0.9379,9.3,4,Long,TrailingStop { calc: Atr { multiplier: 2.0 } },RiskReward { multiplier: 2.0 },MarketExposure,WinRate,ProfitFactor,0.70
"(((Open * 4) / (EMA(Close, 14) - EMA(Close, 28))) < 1 AND (Open - Low) < ((Close - Min(Close, 100)) / (Max(Close, 100) - Min(Close, 100))))",47.8413,9171.73,1.4612,5.6849,2.4130,105.3583,-58.8082,7.5003,2.6142,122.4807,74.8831,30,0.2135,0.5687,2.1610,2.4357,0.9857,9.0,2,Long,TrailingStop { calc: Atr { multiplier: 2.0 } },RiskReward { multiplier: 2.0 },MarketExposure,WinRate,ProfitFactor,0.70
"(((Close > (Open + (High - Close)) AND (Low / Open) < 1) AND Close crosses above Open) AND 1 > LinRegSlope((Close * 4.5), 50))",51.9676,16811.66,2.3052,7.4149,3.2232,189.3952,-64.2310,10.3027,3.7490,191.9715,87.5737,17,0.2428,0.6727,2.4889,2.9755,0.9916,10.4,4,Long,TrailingStop { calc: Atr { multiplier: 2.0 } },RiskReward { multiplier: 2.0 },MarketExposure,WinRate,ProfitFactor,0.70
"(((Close - Open) / (High - Low)) > (High / (Open + Close)) AND 0 > LinRegSlope(Open, 50))",55.9824,25370.47,3.1953,8.2479,3.2308,204.7724,-59.7082,11.1651,3.8665,194.0833,130.7195,14,0.3063,0.9558,3.2468,4.6403,0.9885,11.3,2,Long,TrailingStop { calc: Atr { multiplier: 2.0 } },RiskReward { multiplier: 2.0 },MarketExposure,WinRate,ProfitFactor,0.70
"((((High - Close) / Close) > LinRegSlope((Low - High), 7) AND ((Close - Open) / (High - Low)) > (High / (Open + Close))) AND (High / Low) > LinRegSlope(Open, 7))",59.9259,24724.38,3.0524,6.7469,2.4723,204.7724,-39.2875,9.8039,2.8162,113.8215,217.2206,14,0.3388,1.2867,4.0809,6.6739,0.9895,11.6,3,Long,TrailingStop { calc: Atr { multiplier: 2.0 } },RiskReward { multiplier: 2.0 },MarketExposure,WinRate,ProfitFactor,0.70
"Close > (Open + StdDev(Close, 14))",63.7042,26639.08,3.7520,7.3159,2.5032,204.7724,-39.2875,11.1480,2.8661,72.0370,369.7973,11,0.3671,1.6366,5.1297,9.5506,0.9843,10.1,1,Long,TrailingStop { calc: Atr { multiplier: 2.0 } },RiskReward { multiplier: 2.0 },MarketExposure,WinRate,ProfitFactor,0.70
"(Close > (Open + StdDev(Close, 14)) AND ((EMA(Close, 50) - EMA(Close, 100)) + High) > Open)",64.6454,23133.09,3.8964,7.3200,2.3635,204.7724,-39.2875,11.4434,2.7941,56.2096,411.5507,10,0.3735,1.7906,5.6630,11.3379,0.9827,8.5,2,Long,TrailingStop { calc: Atr { multiplier: 2.0 } },RiskReward { multiplier: 2.0 },MarketExposure,WinRate,ProfitFactor,0.70
"((Close > (Open - ((Close - Min(Close, 100)) / (Max(Close, 100) - Min(Close, 100)))) AND LinRegSlope((Open + High), 7) < ((High * 0.6) / Low)) AND (Close + (EMA(Close, 14) - EMA(Close, 28))) < Open)",39.9028,5200.95,0.5742,7.0510,3.7261,128.7629,-65.9082,9.9690,4.4924,1016.7715,5.1152,38,0.0643,0.1269,1.2564,0.9487,0.9442,12.9,3,Long,TrailingStop { calc: Atr { multiplier: 2.0 } },RiskReward { multiplier: 2.0 },MarketExposure,WinRate,ProfitFactor,0.70
"((1 < (EMA(Low, 14) / Low) AND Close > (Open - ((Close - Min(Close, 100)) / (Max(Close, 100) - Min(Close, 100))))) AND LinRegSlope((Open + Open), 100) > LinRegSlope(High, 200))",43.9249,10403.87,1.2285,6.9281,3.2362,204.7724,-64.2310,10.8573,3.4543,323.4036,32.1699,34,0.1341,0.3466,1.6770,1.5769,0.9594,12.1,3,Long,TrailingStop { calc: Atr { multiplier: 2.0 } },RiskReward { multiplier: 2.0 },MarketExposure,WinRate,ProfitFactor,0.70
"((High > Open AND 0 < (((Low - Min(Low, 7)) / (Max(Low, 7) - Min(Low, 7))) + (Close - High))) AND (EMA((Close + Low), 14) - EMA((Close + Low), 28)) < (((High + Low) - Min((High + Low), 100)) / (Max((High + Low), 100) - Min((High + Low), 100))))",47.5322,11049.97,1.2595,5.3799,2.4732,59.2937,-59.7082,6.7692,2.4900,199.8150,55.3010,28,0.1981,0.4955,1.9706,2.0375,0.9897,12.5,3,Long,TrailingStop { calc: Atr { multiplier: 2.0 } },RiskReward { multiplier: 2.0 },MarketExposure,WinRate,ProfitFactor,0.70
"((Close > (Open - ((Close - Min(Close, 100)) / (Max(Close, 100) - Min(Close, 100)))) AND (High / Close[-7]) > (Open / High)) AND ((Open - Close) / (EMA(Open, 7) - EMA(Open, 14))) > 1)",51.9057,21284.49,2.4361,7.6029,3.1401,204.7724,-51.8723,11.0493,3.5712,171.2733,124.2721,20,0.2457,0.7387,2.6131,3.2841,0.9797,12.5,3,Long,TrailingStop { calc: Atr { multiplier: 2.0 } },RiskReward { multiplier: 2.0 },MarketExposure,WinRate,ProfitFactor,0.70
"(((Close - Open) / (High - Low)) > (High / (Open + Close)) AND LinRegSlope(Open, 50) < LinRegSlope(Low, 100))",55.9208,25696.48,2.9230,7.5377,2.9313,204.7724,-40.7835,10.6990,3.2498,171.3074,150.0021,17,0.2988,1.0060,3.2623,4.6911,0.9843,12.6,2,Long,TrailingStop { calc: Atr { multiplier: 2.0 } },RiskReward { multiplier: 2.0 },MarketExposure,WinRate,ProfitFactor,0.70
"((((Close - Open) / (High - Low)) > (High / (Open + Close)) AND 1 > LinRegSlope((High * 0.5), 21)) AND Open crosses below (Close - StdDev(Close, 7)))",59.8582,27552.23,3.1510,7.0773,2.7037,189.3952,-40.7835,9.6243,2.9744,125.5503,219.4517,12,0.3480,1.2373,3.9032,6.1157,0.9892,12.5,3,Long,TrailingStop { calc: Atr { multiplier: 2.0 } },RiskReward { multiplier: 2.0 },MarketExposure,WinRate,ProfitFactor,0.70
"(((High - Close) / Close) > LinRegSlope((Low - High), 7) AND ((Close - Open) / (High - Low)) > (High / (Open + Close)))",60.3182,31081.54,3.3865,7.3514,2.6402,204.7724,-39.2875,10.6439,2.9910,113.8215,273.0726,14,0.3460,1.3475,4.2323,7.1081,0.9885,13.1,2,Long,TrailingStop { calc: Atr { multiplier: 2.0 } },RiskReward { multiplier: 2.0 },MarketExposure,WinRate,ProfitFactor,0.70
"(Close > (Open - ((Close - Min(Close, 100)) / (Max(Close, 100) - Min(Close, 100)))) AND (Close + (EMA(Close, 14) - EMA(Close, 28))) < Open)",39.7848,6285.29,0.5411,7.4315,4.0114,128.7629,-65.9082,10.0419,4.6433,1751.6033,3.5883,40,0.0589,0.1136,1.2240,0.9022,0.9351,16.6,2,Long,TrailingStop { calc: Atr { multiplier: 2.0 } },RiskReward { multiplier: 2.0 },MarketExposure,WinRate,ProfitFactor,0.70
"(1 > ((High * 4.8) / (EMA(Close, 14) - EMA(Close, 28))) AND ((Open - Low) * 0.3) < ((High - Min(High, 100)) / (Max(High, 100) - Min(High, 100))))",43.6658,11870.45,1.0120,5.9422,2.8095,105.3583,-31.5420,7.6468,2.6467,270.9718,43.8069,40,0.1456,0.3493,1.6394,1.5140,0.9856,16.8,2,Long,TrailingStop { calc: Atr { multiplier: 2.0 } },RiskReward { multiplier: 2.0 },MarketExposure,WinRate,ProfitFactor,0.70
"(((Open - Low) < ((Close - Min(Close, 100)) / (Max(Close, 100) - Min(Close, 100))) AND (Open / (Close + Close)) > LinRegSlope((Low * 2.2), 50)) AND Close < High)",47.4152,15592.22,1.1648,4.9273,2.2278,105.3583,-58.8082,6.4071,2.2097,153.4880,101.5859,32,0.1975,0.5119,1.9943,2.0915,0.9861,19.1,3,Long,TrailingStop { calc: Atr { multiplier: 2.0 } },RiskReward { multiplier: 2.0 },MarketExposure,WinRate,ProfitFactor,0.70
"((Close > (Open + (High - Close)) AND 1 > LinRegSlope(Open, 14)) AND LinRegSlope((Close * 1.5), 200) < LinRegSlope((Close + Open), 200))",51.6554,23969.49,1.9498,6.3804,2.7841,204.7724,-64.2310,9.5777,3.0581,251.1002,95.4579,26,0.2284,0.6781,2.4487,2.8987,0.9873,17.6,3,Long,TrailingStop { calc: Atr { multiplier: 2.0 } },RiskReward { multiplier: 2.0 },MarketExposure,WinRate,ProfitFactor,0.70
"(1 > LinRegSlope((High * 3), 21) AND ((Close - Open) / (High - Low)) > (High / (Open + Close)))",55.8678,32922.60,2.5486,6.7307,2.7456,204.7724,-59.7082,9.3131,3.2626,271.0605,121.4585,16,0.2937,0.8997,3.1033,4.2502,0.9901,18.5,2,Long,TrailingStop { calc: Atr { multiplier: 2.0 } },RiskReward { multiplier: 2.0 },MarketExposure,WinRate,ProfitFactor,0.70
"((((Low - Open) - SMA(Low, 21)) > (Open - (High + Close)) AND 1 > LinRegSlope((Low - Close), 7)) AND (Open - Close) < SMA((Close - High), 50))",58.4175,41662.08,3.1636,7.4525,2.8615,204.7724,-104.3825,10.3435,3.4960,173.8278,239.6745,13,0.3273,1.0859,3.6587,5.5664,0.9873,18.8,3,Long,TrailingStop { calc: Atr { multiplier: 2.0 } },RiskReward { multiplier: 2.0 },MarketExposure,WinRate,ProfitFactor,0.70
"((((Open - Low) * 0.3) < ((High - Min(High, 100)) / (Max(High, 100) - Min(High, 100))) AND (Low / Open) < 1) AND LinRegSlope(High, 14) < LinRegSlope(High, 200))",39.9974,6178.49,0.4074,5.4359,2.9446,104.0458,-36.5954,7.2658,2.5921,795.4534,7.7673,50,0.0629,0.1341,1.2306,0.9086,0.9339,21.7,3,Long,TrailingStop { calc: Atr { multiplier: 2.0 } },RiskReward { multiplier: 2.0 },MarketExposure,WinRate,ProfitFactor,0.70
"(((Open - Low) * 0.3) < ((High - Min(High, 100)) / (Max(High, 100) - Min(High, 100))) AND 1 > (EMA(Open, 7) / SMA(Open, 14)))",43.9497,13981.76,0.8794,5.6636,2.8720,104.0458,-36.5954,7.3999,2.6495,298.5683,46.8293,44,0.1297,0.3006,1.5463,1.3401,0.9764,22.7,2,Long,TrailingStop { calc: Atr { multiplier: 2.0 } },RiskReward { multiplier: 2.0 },MarketExposure,WinRate,ProfitFactor,0.70
"((1 > LinRegSlope((Open * 3.5), 50) AND (High / Close) > 1) AND (Open - Low) < ((Close - Min(Close, 100)) / (Max(Close, 100) - Min(Close, 100))))",47.0604,16775.49,1.1284,4.9075,2.2309,105.3583,-58.8082,6.3155,2.1509,173.4099,96.7389,39,0.1938,0.5005,1.9555,2.0244,0.9864,21.2,3,Long,TrailingStop { calc: Atr { multiplier: 2.0 } },RiskReward { multiplier: 2.0 },MarketExposure,WinRate,ProfitFactor,0.70
"((Close > (Open + (High - Close)) AND (Low / Open) < 1) AND 1 > LinRegSlope((Close * 4.5), 50))",51.9359,31803.13,2.2348,7.4101,3.3574,204.7724,-65.9082,10.1551,4.0205,586.2540,54.2480,19,0.2352,0.6154,2.3849,2.7337,0.9923,20.3,3,Long,TrailingStop { calc: Atr { multiplier: 2.0 } },RiskReward { multiplier: 2.0 },MarketExposure,WinRate,ProfitFactor,0.70
"(((Close - Open) / (High - Low)) > (High / (Open + Close)) AND Close < (Open - (Low - High)))",55.8536,46657.67,2.8840,7.6189,3.1065,204.7724,-59.7082,10.3212,3.6208,252.4200,184.8415,20,0.2980,0.9098,3.1030,4.2506,0.9909,23.1,2,Long,TrailingStop { calc: Atr { multiplier: 2.0 } },RiskReward { multiplier: 2.0 },MarketExposure,WinRate,ProfitFactor,0.70
"(((Close - Open) / (High - Low)) > (High / (Open + Close)) AND 1 > LinRegSlope((Low * 2.4), 50))",56.7324,40077.38,2.7158,6.8931,2.7614,204.7724,-59.7082,9.4467,3.2870,215.8978,185.6313,17,0.3071,0.9617,3.2730,4.6352,0.9903,21.1,2,Long,TrailingStop { calc: Atr { multiplier: 2.0 } },RiskReward { multiplier: 2.0 },MarketExposure,WinRate,ProfitFactor,0.70
"((((Open - Low) * 0.3) < ((High - Min(High, 100)) / (Max(High, 100) - Min(High, 100))) AND (Low / Open) < 1) AND LinRegSlope(Low, 14) < LinRegSlope((Open + High), 100))",39.5384,6661.71,0.3576,5.4510,2.9733,189.3952,-45.3661,7.3703,2.5349,960.4773,6.9358,51,0.0550,0.1177,1.1989,0.8691,0.9336,26.6,3,Long,TrailingStop { calc: Atr { multiplier: 2.0 } },RiskReward { multiplier: 2.0 },MarketExposure,WinRate,ProfitFactor,0.70
"((Close > (Open - ((Close - Min(Close, 100)) / (Max(Close, 100) - Min(Close, 100)))) AND (Low + ((Low - Min(Low, 50)) / (Max(Low, 50) - Min(Low, 50)))) < Open) AND LinRegSlope(Low, 14) < (Low / (High + Open)))",43.4418,21197.60,1.1933,8.0285,4.0567,204.7724,-65.9082,10.7023,4.2125,926.3553,22.8828,35,0.1220,0.2713,1.5201,1.3069,0.9846,25.4,3,Long,TrailingStop { calc: Atr { multiplier: 2.0 } },RiskReward { multiplier: 2.0 },MarketExposure,WinRate,ProfitFactor,0.70
"(1 > LinRegSlope((Open * 3.5), 50) AND (Open - Low) < ((Close - Min(Close, 100)) / (Max(Close, 100) - Min(Close, 100))))",47.9973,19642.71,1.1128,4.6096,2.1146,105.3583,-58.8082,5.9783,2.0619,194.0211,101.2401,44,0.2010,0.5225,2.0120,2.1051,0.9868,25.2,2,Long,TrailingStop { calc: Atr { multiplier: 2.0 } },RiskReward { multiplier: 2.0 },MarketExposure,WinRate,ProfitFactor,0.70
"((Close > (Open + (High - Close)) AND 1 > (Low / Open)) AND LinRegSlope((Low - High), 7) < 1)",51.7229,43055.84,2.2754,7.5762,3.4036,204.7724,-52.2082,10.0819,3.5590,302.0103,142.5642,23,0.2415,0.6650,2.3848,2.7456,0.9917,27.0,3,Long,TrailingStop { calc: Atr { multiplier: 2.0 } },RiskReward { multiplier: 2.0 },MarketExposure,WinRate,ProfitFactor,0.70
"((((Low - Close) * 2.5) < (EMA(Close, 50) - EMA(Close, 100)) AND LinRegSlope((Open * 1.8), 21) < 1) AND 1 < ((Close + Low) / (Open + Open)))",53.9285,41034.73,2.3129,6.7229,2.8492,204.7724,-51.8723,9.3977,3.1503,213.7039,192.0168,21,0.2671,0.8022,2.7619,3.5144,0.9872,25.3,3,Long,TrailingStop { calc: Atr { multiplier: 2.0 } },RiskReward { multiplier: 2.0 },MarketExposure,WinRate,ProfitFactor,0.70
"((Close - Open) / (High - Low)) > (High / (Open + Close))",56.1708,48221.05,2.8045,7.3438,3.0129,204.7724,-59.7082,10.0905,3.5587,252.4200,191.0350,17,0.2970,0.9085,3.1238,4.2769,0.9903,24.6,1,Long,TrailingStop { calc: Atr { multiplier: 2.0 } },RiskReward { multiplier: 2.0 },MarketExposure,WinRate,ProfitFactor,0.70
"((0 < LinRegSlope(Close, 200) AND ((Open - Low) * 0.3) < ((High - Min(High, 100)) / (Max(High, 100) - Min(High, 100)))) AND (Low / Open) < 1)",39.6448,6539.51,0.2940,5.4233,3.0751,189.3952,-36.6092,7.2141,2.6085,1568.2273,4.1700,51,0.0454,0.0939,1.1584,0.8099,0.9422,31.8,3,Long,TrailingStop { calc: Atr { multiplier: 2.0 } },RiskReward { multiplier: 2.0 },MarketExposure,WinRate,ProfitFactor,0.70
"((Close > (Open - ((Close - Min(Close, 100)) / (Max(Close, 100) - Min(Close, 100)))) AND ((Low - Open) / (Open * 2.4)) < LinRegSlope(Open, 100)) AND LinRegSlope((Low + Open), 21) < 1)",43.9162,19861.37,0.9140,5.6682,2.8088,204.7724,-64.2310,8.6709,2.9121,743.7197,26.7054,48,0.1227,0.3017,1.5802,1.4005,0.9711,31.0,3,Long,TrailingStop { calc: Atr { multiplier: 2.0 } },RiskReward { multiplier: 2.0 },MarketExposure,WinRate,ProfitFactor,0.70
"(Open - Low) < ((Close - Min(Close, 100)) / (Max(Close, 100) - Min(Close, 100)))",47.8504,25823.04,1.1541,5.0072,2.3815,105.3583,-58.8082,6.5753,2.3218,229.2428,112.6449,44,0.1894,0.4805,1.9292,1.9410,0.9872,32.0,1,Long,TrailingStop { calc: Atr { multiplier: 2.0 } },RiskReward { multiplier: 2.0 },MarketExposure,WinRate,ProfitFactor,0.70
"(((Open - (EMA(High, 50) - EMA(High, 100))) < Close AND Open < Close) AND 1 > LinRegSlope((High + Close), 50))",51.0719,35138.89,1.7683,6.2704,2.9311,204.7724,-109.8831,8.7251,3.2733,337.1731,104.2162,25,0.2189,0.5753,2.2330,2.4396,0.9912,28.4,3,Long,TrailingStop { calc: Atr { multiplier: 2.0 } },RiskReward { multiplier: 2.0 },MarketExposure,WinRate,ProfitFactor,0.70
"(((Low - Close) * 2.5) < (EMA(Close, 50) - EMA(Close, 100)) AND 1 < ((Close + Low) / (Open + Open)))",53.8166,51353.99,2.4363,7.2581,3.1826,204.7724,-109.8831,9.9929,3.8529,279.2623,183.8916,21,0.2602,0.7174,2.6575,3.2617,0.9887,30.1,2,Long,TrailingStop { calc: Atr { multiplier: 2.0 } },RiskReward { multiplier: 2.0 },MarketExposure,WinRate,ProfitFactor,0.70
"((((Open - Low) * 0.3) < ((High - Min(High, 100)) / (Max(High, 100) - Min(High, 100))) AND (Low / Open) < 1) AND ((Open - Low) / (Close + Low)) < LinRegSlope((High * 0.2), 100))",39.3611,6536.88,0.2637,5.5466,3.1655,189.3952,-45.3661,7.2729,2.7029,2226.7249,2.9356,51,0.0400,0.0813,1.1374,0.7844,0.9077,35.4,3,Long,TrailingStop { calc: Atr { multiplier: 2.0 } },RiskReward { multiplier: 2.0 },MarketExposure,WinRate,ProfitFactor,0.70
"((Close > (Open - ((Close - Min(Close, 100)) / (Max(Close, 100) - Min(Close, 100)))) AND 1 > LinRegSlope(Open, 14)) AND LinRegSlope((Open + Open), 100) > LinRegSlope(High, 200))",43.9826,22407.03,0.9845,6.0885,3.0229,204.7724,-64.2310,9.0356,2.9825,974.8157,22.9859,48,0.1257,0.3098,1.5814,1.4009,0.9709,32.5,3,Long,TrailingStop { calc: Atr { multiplier: 2.0 } },RiskReward { multiplier: 2.0 },MarketExposure,WinRate,ProfitFactor,0.70
"(Close > (Open - ((Close - Min(Close, 100)) / (Max(Close, 100) - Min(Close, 100)))) AND LinRegSlope((Close * 0.9), 7) > LinRegSlope(Close, 14))",47.0644,35176.73,1.4544,7.0195,3.4934,204.7724,-109.8831,9.7184,4.0740,790.0655,44.5238,36,0.1618,0.3725,1.7865,1.6895,0.9862,34.6,2,Long,TrailingStop { calc: Atr { multiplier: 2.0 } },RiskReward { multiplier: 2.0 },MarketExposure,WinRate,ProfitFactor,0.70
"((((High + Low) / (Close + Close)) < 1 AND Close > Open) AND (High / ((High - Min(High, 7)) / (Max(High, 7) - Min(High, 7)))) > 1)",51.5869,52014.56,2.0844,7.3578,3.5346,204.7724,-104.3825,10.0048,4.0770,553.0444,94.0513,25,0.2206,0.5552,2.2181,2.3819,0.9916,35.6,3,Long,TrailingStop { calc: Atr { multiplier: 2.0 } },RiskReward { multiplier: 2.0 },MarketExposure,WinRate,ProfitFactor,0.70
"((Low + Close) / (Open + Open)) > 1",53.2956,55468.68,2.3096,7.2596,3.3391,204.7724,-109.8831,9.8604,4.0881,475.9776,116.5363,23,0.2468,0.6402,2.4810,2.8747,0.9919,34.3,1,Long,TrailingStop { calc: Atr { multiplier: 2.0 } },RiskReward { multiplier: 2.0 },MarketExposure,WinRate,ProfitFactor,0.70
"((LinRegSlope(Open, 100) > (((Low - Min(Low, 200)) / (Max(Low, 200) - Min(Low, 200))) / (Low + Low)) AND ((Open - Low) * 0.3) < ((High - Min(High, 100)) / (Max(High, 100) - Min(High, 100)))) AND Close < High)",39.7512,8708.33,0.3418,5.6203,3.1409,189.3952,-45.3661,7.3832,2.6871,2082.2085,4.1823,71,0.0513,0.1065,1.1806,0.8398,0.9227,36.4,3,Long,TrailingStop { calc: Atr { multiplier: 2.0 } },RiskReward { multiplier: 2.0 },MarketExposure,WinRate,ProfitFactor,0.70
"(1 > LinRegSlope((High * 4.9), 50) AND ((Open - Low) * 0.3) < ((High - Min(High, 100)) / (Max(High, 100) - Min(High, 100))))",43.7138,19665.38,0.7082,4.9880,2.6156,189.3952,-31.5420,6.5911,2.3482,767.0710,25.6370,43,0.1175,0.2686,1.4811,1.2347,0.9839,39.7,2,Long,TrailingStop { calc: Atr { multiplier: 2.0 } },RiskReward { multiplier: 2.0 },MarketExposure,WinRate,ProfitFactor,0.70
"(Open < Close AND (SMA(Open, 14) + (StdDev(Open, 14) * 2)) > High)",47.9457,39516.75,1.5317,7.4957,3.9616,204.7724,-104.3825,10.1851,4.5531,1102.1286,35.8549,35,0.1586,0.3517,1.7427,1.5810,0.9935,36.9,2,Long,TrailingStop { calc: Atr { multiplier: 2.0 } },RiskReward { multiplier: 2.0 },MarketExposure,WinRate,ProfitFactor,0.70
"((((High + Low) / (Close + Close)) < 1 AND Close > Open) AND SMA(Low, 7) < Close)",51.3636,53669.25,2.0385,7.3344,3.5544,204.7724,-104.3825,9.9981,4.0972,617.4583,86.9196,26,0.2159,0.5389,2.1792,2.3096,0.9907,37.6,3,Long,TrailingStop { calc: Atr { multiplier: 2.0 } },RiskReward { multiplier: 2.0 },MarketExposure,WinRate,ProfitFactor,0.70
"(Open + ((Close - Min(Close, 100)) / (Max(Close, 100) - Min(Close, 100)))) < Close",52.4138,58516.89,2.3061,8.2434,4.2336,204.7724,-109.8831,10.7537,4.9962,1279.2080,45.7446,35,0.2186,0.5105,2.1447,2.1888,0.9964,36.2,1,Long,TrailingStop { calc: Atr { multiplier: 2.0 } },RiskReward { multiplier: 2.0 },MarketExposure,WinRate,ProfitFactor,0.70
"(((((Open - Low) * 0.3) < ((High - Min(High, 100)) / (Max(High, 100) - Min(High, 100))) AND (Low / Open) < 1) AND LinRegSlope((Low + Open), 100) < 1) AND High > Close)",39.9476,10093.08,0.3476,5.5850,3.1364,83.4168,-36.6092,7.0393,2.6591,1274.2233,7.9210,56,0.0535,0.1091,1.1846,0.8427,0.9442,41.5,4,Long,TrailingStop { calc: Atr { multiplier: 2.0 } },RiskReward { multiplier: 2.0 },MarketExposure,WinRate,ProfitFactor,0.70
"(((Open - Low) * 0.3) < ((High - Min(High, 100)) / (Max(High, 100) - Min(High, 100))) AND 1 > LinRegSlope((Close * 4.4), 50))",43.7210,20910.28,0.7284,5.0513,2.6299,189.3952,-31.5420,6.7176,2.3383,766.4677,27.2814,43,0.1192,0.2759,1.4921,1.2530,0.9810,41.0,2,Long,TrailingStop { calc: Atr { multiplier: 2.0 } },RiskReward { multiplier: 2.0 },MarketExposure,WinRate,ProfitFactor,0.70
"(Close > (Open - ((Close - Min(Close, 100)) / (Max(Close, 100) - Min(Close, 100)))) AND SMA(Open, 7) < Close)",47.7547,43408.52,1.4291,6.8454,3.5216,204.7724,-109.8831,9.3194,4.0549,689.8079,62.9284,36,0.1630,0.3681,1.7768,1.6493,0.9904,43.4,2,Long,TrailingStop { calc: Atr { multiplier: 2.0 } },RiskReward { multiplier: 2.0 },MarketExposure,WinRate,ProfitFactor,0.70
"(((High + Low) / (Close + Close)) < 1 AND Close > Open)",50.7761,57399.04,1.9580,7.3846,3.6397,204.7724,-104.3825,10.0710,4.2144,845.1757,67.9137,29,0.2057,0.5012,2.0929,2.1561,0.9917,41.9,2,Long,TrailingStop { calc: Atr { multiplier: 2.0 } },RiskReward { multiplier: 2.0 },MarketExposure,WinRate,ProfitFactor,0.70
"(((((Open - Low) * 0.3) < ((High - Min(High, 100)) / (Max(High, 100) - Min(High, 100))) AND (Low / Open) < 1) AND LinRegSlope(Low, 100) < 1) AND High > Close)",39.9981,10630.50,0.3413,5.7008,3.2314,83.4168,-36.6092,7.0962,2.7302,1365.9254,7.7826,49,0.0516,0.1042,1.1760,0.8299,0.9584,44.5,4,Long,TrailingStop { calc: Atr { multiplier: 2.0 } },RiskReward { multiplier: 2.0 },MarketExposure,WinRate,ProfitFactor,0.70
"((((High - Close) / (Open - Low)) < ((Close * 3.7) / (SMA(High, 7) + (StdDev(High, 7) * 2))) AND Close > (Open - ((Close - Min(Close, 100)) / (Max(Close, 100) - Min(Close, 100))))) AND 1 > LinRegSlope(Open, 14))",43.7914,30502.51,0.9613,6.4607,3.3231,204.7724,-65.9082,8.9548,3.4886,847.0216,36.0115,41,0.1188,0.2661,1.5147,1.2895,0.9802,45.3,3,Long,TrailingStop { calc: Atr { multiplier: 2.0 } },RiskReward { multiplier: 2.0 },MarketExposure,WinRate,ProfitFactor,0.70
"(((Open - Low) * 0.3) < ((High - Min(High, 100)) / (Max(High, 100) - Min(High, 100))) AND (Close - Open) > (Low - Close))",47.3595,38626.09,1.1880,5.8488,3.0052,189.3952,-45.3661,7.5444,2.8664,636.4316,60.6917,41,0.1666,0.3943,1.7510,1.6139,0.9918,46.4,2,Long,TrailingStop { calc: Atr { multiplier: 2.0 } },RiskReward { multiplier: 2.0 },MarketExposure,WinRate,ProfitFactor,0.70
"(Low < ((Low - Open) + Close) AND (High / Close) < ((Open + Low) / ((High - Min(High, 14)) / (Max(High, 14) - Min(High, 14)))))",50.1893,56329.39,1.8227,7.3270,3.7235,204.7724,-109.8831,10.0667,4.3949,980.3778,57.4568,28,0.1911,0.4483,1.9827,1.9582,0.9927,44.1,2,Long,TrailingStop { calc: Atr { multiplier: 2.0 } },RiskReward { multiplier: 2.0 },MarketExposure,WinRate,ProfitFactor,0.70
"((((EMA(Close, 50) - EMA(Close, 100)) + High) > Open AND ((Open + Close) / ((Low - Min(Low, 50)) / (Max(Low, 50) - Min(Low, 50)))) > 1) AND LinRegSlope((Open + Low), 21) < 1)",39.9638,5582.18,0.1554,6.0908,3.7957,204.7724,-74.7216,9.0153,4.0614,2948.6146,1.8932,65,0.0191,0.0361,1.0682,0.6850,0.7588,51.3,3,Long,TrailingStop { calc: Atr { multiplier: 2.0 } },RiskReward { multiplier: 2.0 },MarketExposure,WinRate,ProfitFactor,0.70
"((Close > (Open - ((Close - Min(Close, 100)) / (Max(Close, 100) - Min(Close, 100)))) AND ((High * 4.8) / (Low - Open)) < LinRegSlope((Low + Low), 200)) AND LinRegSlope(High, 14) < (Open / Low))",43.9868,34759.22,0.9852,6.5920,3.4178,204.7724,-65.9082,9.0683,3.5825,905.0999,38.4037,43,0.1194,0.2659,1.5146,1.2850,0.9825,50.4,3,Long,TrailingStop { calc: Atr { multiplier: 2.0 } },RiskReward { multiplier: 2.0 },MarketExposure,WinRate,ProfitFactor,0.70
"(1 > ((EMA(High, 7) - EMA(High, 14)) / (High - Open)) AND Close > (Open - ((Close - Min(Close, 100)) / (Max(Close, 100) - Min(Close, 100)))))",47.9061,54343.99,1.5367,7.1499,3.6254,204.7724,-109.8831,9.7692,4.2199,1303.3123,41.6968,42,0.1677,0.3827,1.8137,1.7135,0.9907,50.5,2,Long,TrailingStop { calc: Atr { multiplier: 2.0 } },RiskReward { multiplier: 2.0 },MarketExposure,WinRate,ProfitFactor,0.70
"(Low / (Open - Close)) < LinRegSlope((Open * 0.9), 100)",49.6922,59359.50,1.7316,7.3280,3.7964,204.7724,-109.8831,9.9579,4.4969,1345.4985,44.1171,35,0.1821,0.4148,1.9066,1.8288,0.9936,49.0,1,Long,TrailingStop { calc: Atr { multiplier: 2.0 } },RiskReward { multiplier: 2.0 },MarketExposure,WinRate,ProfitFactor,0.70
"(1 > LinRegSlope((Low * 2.5), 50) AND ((EMA(Close, 50) - EMA(Close, 100)) + High) > Open)",39.6962,2429.30,0.0639,6.0127,3.8520,204.7724,-120.0129,8.5885,4.1812,3314.7144,0.7329,63,0.0080,0.0145,1.0275,0.6367,-0.0934,54.3,2,Long,TrailingStop { calc: Atr { multiplier: 2.0 } },RiskReward { multiplier: 2.0 },MarketExposure,WinRate,ProfitFactor,0.70
"((Close > (Open - ((Close - Min(Close, 100)) / (Max(Close, 100) - Min(Close, 100)))) AND ((High * 4.8) / (Low - Open)) < LinRegSlope((Low + Low), 200)) AND (SMA(High, 14) + (StdDev(High, 14) * 2)) > Close)",43.7951,36949.83,0.9798,7.0591,3.7572,204.7724,-109.8831,9.6453,4.2193,1472.9802,25.0851,44,0.1099,0.2313,1.4640,1.2046,0.9867,53.9,3,Long,TrailingStop { calc: Atr { multiplier: 2.0 } },RiskReward { multiplier: 2.0 },MarketExposure,WinRate,ProfitFactor,0.70
"(Close > (Open - ((Close - Min(Close, 100)) / (Max(Close, 100) - Min(Close, 100)))) AND ((EMA(Close, 14) - EMA(Close, 28)) / (Low - Close)) < 1)",46.9653,48401.19,1.2975,6.6908,3.4785,204.7724,-109.8831,9.2921,3.9056,1126.7140,42.9578,33,0.1504,0.3407,1.7033,1.5387,0.9903,53.3,2,Long,TrailingStop { calc: Atr { multiplier: 2.0 } },RiskReward { multiplier: 2.0 },MarketExposure,WinRate,ProfitFactor,0.70
"((((EMA(Close, 50) - EMA(Close, 100)) + High) > Open AND ((Open + Close) / ((Low - Min(Low, 50)) / (Max(Low, 50) - Min(Low, 50)))) > 1) AND 1 > LinRegSlope(Low, 14))",39.8027,4793.59,0.1185,6.2433,3.9312,204.7724,-74.7216,8.9926,4.0714,3869.9683,1.2387,65,0.0145,0.0270,1.0501,0.6638,0.6647,57.8,3,Long,TrailingStop { calc: Atr { multiplier: 2.0 } },RiskReward { multiplier: 2.0 },MarketExposure,WinRate,ProfitFactor,0.70
"(((Open - Low) * 0.3) < ((High - Min(High, 100)) / (Max(High, 100) - Min(High, 100))) AND ((Close - Open) / SMA(Open, 14)) > ((Low - Open) / Open))",43.7503,29312.15,0.7429,5.6663,3.0865,189.3952,-45.3661,7.3742,2.7758,965.5481,30.3580,56,0.1084,0.2386,1.4279,1.1468,0.9849,56.4,2,Long,TrailingStop { calc: Atr { multiplier: 2.0 } },RiskReward { multiplier: 2.0 },MarketExposure,WinRate,ProfitFactor,0.70
"((High / Close) < ((Open + Low) / ((High - Min(High, 14)) / (Max(High, 14) - Min(High, 14)))) AND Close > (Open - ((Close - Min(Close, 100)) / (Max(Close, 100) - Min(Close, 100)))))",46.3533,51362.77,1.2755,6.8590,3.5489,204.7724,-109.8831,9.5686,4.0224,1072.4485,47.8930,43,0.1444,0.3246,1.6699,1.4960,0.9876,57.5,2,Long,TrailingStop { calc: Atr { multiplier: 2.0 } },RiskReward { multiplier: 2.0 },MarketExposure,WinRate,ProfitFactor,0.70
"(((Low - Close) * 2.5) < (EMA(Close, 50) - EMA(Close, 100)) AND (Close - (EMA(Low, 100) - EMA(Low, 200))) < (High + (Close - Open)))",39.7175,1292.82,0.0294,6.6648,4.3424,204.7724,-109.8831,9.3926,4.6856,3399.3688,0.3803,74,0.0033,0.0059,1.0112,0.6164,0.1489,62.8,2,Long,TrailingStop { calc: Atr { multiplier: 2.0 } },RiskReward { multiplier: 2.0 },MarketExposure,WinRate,ProfitFactor,0.70
"(((Low - Open) - SMA(Low, 21)) > (Open - (High + Close)) AND 1 > LinRegSlope((Low - Close), 7))",43.8226,29429.86,0.6828,6.7408,4.0429,204.7724,-109.8831,9.1363,4.3933,1585.5857,18.5609,40,0.0783,0.1526,1.3006,0.9503,0.9902,61.6,2,Long,TrailingStop { calc: Atr { multiplier: 2.0 } },RiskReward { multiplier: 2.0 },MarketExposure,WinRate,ProfitFactor,0.70
"(Close > (Open - ((Close - Min(Close, 100)) / (Max(Close, 100) - Min(Close, 100)))) AND Open < High)",46.2889,54516.08,1.2462,6.9137,3.6382,204.7724,-109.8831,9.5066,4.1412,1433.7417,38.0236,44,0.1404,0.3085,1.6377,1.4406,0.9899,62.5,2,Long,TrailingStop { calc: Atr { multiplier: 2.0 } },RiskReward { multiplier: 2.0 },MarketExposure,WinRate,ProfitFactor,0.70
"(((EMA(Close, 50) - EMA(Close, 100)) + High) > Open AND ((Open + Close) / ((Low - Min(Low, 50)) / (Max(Low, 50) - Min(Low, 50)))) > 1)",39.9655,3636.52,0.0805,6.7903,4.3864,204.7724,-126.3825,9.7342,4.9556,4771.3584,0.7622,68,0.0089,0.0157,1.0306,0.6376,0.4459,64.6,2,Long,TrailingStop { calc: Atr { multiplier: 2.0 } },RiskReward { multiplier: 2.0 },MarketExposure,WinRate,ProfitFactor,0.70
"((Open - Close) + EMA(Low, 21)) < Close",43.8271,29996.30,0.6604,6.8943,4.2035,204.7724,-109.8831,9.5096,4.7851,2514.9034,11.9274,38,0.0726,0.1383,1.2797,0.9199,0.9889,64.9,1,Long,TrailingStop { calc: Atr { multiplier: 2.0 } },RiskReward { multiplier: 2.0 },MarketExposure,WinRate,ProfitFactor,0.70
"Close > (Open - ((Close - Min(Close, 100)) / (Max(Close, 100) - Min(Close, 100))))",45.7797,53506.57,1.1820,6.8132,3.5726,204.7724,-109.8831,9.4374,4.0807,1444.6599,37.0375,48,0.1351,0.2960,1.6102,1.4058,0.9883,64.7,1,Long,TrailingStop { calc: Atr { multiplier: 2.0 } },RiskReward { multiplier: 2.0 },MarketExposure,WinRate,ProfitFactor,0.70
"(LinRegSlope((High + Low), 21) < 1 AND Low > Min(Low, 14))",39.9879,1656.88,0.0345,6.4374,4.2320,204.7724,-74.7216,9.0285,4.6941,7849.0078,0.2111,61,0.0040,0.0070,1.0136,0.6165,-0.1010,68.6,2,Long,TrailingStop { calc: Atr { multiplier: 2.0 } },RiskReward { multiplier: 2.0 },MarketExposure,WinRate,ProfitFactor,0.70
"((High > Open AND ((High - Min(High, 100)) / (Max(High, 100) - Min(High, 100))) > 0) AND ((Open + High) / Open) > ((Open + Low) / Close))",43.9315,36674.37,0.7393,7.1732,4.3020,204.7724,-109.8831,9.8272,4.8271,3085.6505,11.8855,54,0.0788,0.1527,1.3065,0.9570,0.9896,70.9,3,Long,TrailingStop { calc: Atr { multiplier: 2.0 } },RiskReward { multiplier: 2.0 },MarketExposure,WinRate,ProfitFactor,0.70
"((High / ((Close - Min(Close, 14)) / (Max(Close, 14) - Min(Close, 14)))) > LinRegSlope((Low + Close), 200) AND ((Open + High) / Open) > ((Open + Low) / Close))",44.4208,40812.49,0.8282,7.1884,4.2551,204.7724,-109.8831,9.8087,4.8448,2637.3480,15.4748,50,0.0882,0.1723,1.3502,1.0132,0.9907,70.4,2,Long,TrailingStop { calc: Atr { multiplier: 2.0 } },RiskReward { multiplier: 2.0 },MarketExposure,WinRate,ProfitFactor,0.70
"(Low > Min(Low, 14) AND 1 > LinRegSlope(Low, 14))",39.8606,479.65,0.0091,6.4325,4.2484,204.7724,-74.7216,8.8377,4.4991,8437.8704,0.0568,61,0.0011,0.0019,1.0035,0.6057,-0.3365,75.6,2,Long,TrailingStop { calc: Atr { multiplier: 2.0 } },RiskReward { multiplier: 2.0 },MarketExposure,WinRate,ProfitFactor,0.70
"(((High - Min(High, 100)) / (Max(High, 100) - Min(High, 100))) > 0 AND ((Open + High) / Open) > ((Open + Low) / Close))",43.5425,34989.72,0.6849,7.1095,4.2701,204.7724,-109.8831,9.7682,4.7861,3327.7830,10.5144,58,0.0737,0.1421,1.2841,0.9309,0.9876,73.0,2,Long,TrailingStop { calc: Atr { multiplier: 2.0 } },RiskReward { multiplier: 2.0 },MarketExposure,WinRate,ProfitFactor,0.70
"((1 < (Close / Low) AND ((Open + High) / Open) > ((Open + Low) / Close)) AND (SMA(Open, 21) / (High - Open)) > 1)",44.0035,36237.16,0.7148,7.2761,4.4413,204.7724,-109.8831,9.8894,5.0167,4078.0721,8.8859,56,0.0749,0.1426,1.2874,0.9281,0.9869,72.4,3,Long,TrailingStop { calc: Atr { multiplier: 2.0 } },RiskReward { multiplier: 2.0 },MarketExposure,WinRate,ProfitFactor,0.70
"((Low - Close) * 2.5) < (EMA(Close, 50) - EMA(Close, 100))",39.3758,-2003.89,-0.0364,7.0348,4.6292,204.7724,-126.3825,9.8997,5.1578,8085.5987,-0.2478,74,-0.0039,-0.0067,0.9870,0.5906,-0.7096,78.7,1,Long,TrailingStop { calc: Atr { multiplier: 2.0 } },RiskReward { multiplier: 2.0 },MarketExposure,WinRate,ProfitFactor,0.70
"((Open + High) / Open) > ((Open + Low) / Close)",43.3633,33586.43,0.6283,7.1606,4.3730,204.7724,-109.8831,9.7991,4.9418,4511.1828,7.4451,59,0.0669,0.1265,1.2537,0.8902,0.9834,76.4,1,Long,TrailingStop { calc: Atr { multiplier: 2.0 } },RiskReward { multiplier: 2.0 },MarketExposure,WinRate,ProfitFactor,0.70
"(((High * 4.2) / High) > ((EMA(Low, 21) - EMA(Low, 42)) / ((Close - Min(Close, 100)) / (Max(Close, 100) - Min(Close, 100)))) AND Close[-200] < ((High * 1.1) + (High * 3.9)))",39.3304,-3335.21,-0.0596,6.4994,4.3115,204.7724,-71.4082,8.8729,4.7027,11000.0226,-0.3032,72,-0.0070,-0.0120,0.9772,0.5794,-0.6164,80.0,2,Long,TrailingStop { calc: Atr { multiplier: 2.0 } },RiskReward { multiplier: 2.0 },MarketExposure,WinRate,ProfitFactor,0.70
